review_text,sentiment
Excellent product and very fast delivery,Positive
The quality is amazing and I am happy with my purchase,Positive
Fits perfectly and looks even better than the photos,Positive
Customer service solved my issue quickly,Positive
Packaging was secure and the item arrived early,Positive
Great value for money and works as expected,Positive
I love the design and the material feels premium,Positive
Very satisfied with the product and ordering experience,Positive
The item is comfortable durable and well made,Positive
Smooth checkout and helpful delivery updates,Positive
The colour is beautiful and exactly as described,Positive
Highly recommended because the performance is excellent,Positive
The replacement process was simple and quick,Positive
Everything arrived safely and in perfect condition,Positive
This exceeded my expectations in every way,Positive
Good price reliable quality and prompt service,Positive
The product works perfectly and setup was easy,Positive
I would happily purchase from this store again,Positive
Helpful support team and a very positive experience,Positive
The size guide was accurate and the fit is great,Positive
Terrible quality and the product broke immediately,Negative
Delivery was late and customer service did not help,Negative
The item looks nothing like the description,Negative
Waste of money because it stopped working,Negative
Packaging was damaged and parts were missing,Negative
Very disappointed with the poor material,Negative
The wrong product was delivered to me,Negative
Refund is delayed and support is not responding,Negative
The size is completely inaccurate and uncomfortable,Negative
Checkout failed repeatedly and charged me twice,Negative
The colour faded after one use,Negative
Product arrived broken and unusable,Negative
I regret buying this item,Negative
The quality is cheap and unacceptable,Negative
Delivery tracking was incorrect and confusing,Negative
The return process was difficult and slow,Negative
Battery performance is awful and unreliable,Negative
The item has defects and scratches,Negative
Customer support was rude and unhelpful,Negative
Not worth the price at all,Negative
The product arrived yesterday and I have not used it yet,Neutral
It is an average item with standard features,Neutral
The colour is slightly different but acceptable,Neutral
Delivery took four days as estimated,Neutral
The package contains the product and manual,Neutral
Quality is okay for the listed price,Neutral
I bought this as a gift so I cannot review performance,Neutral
The fit is neither loose nor tight,Neutral
It works but there is nothing special about it,Neutral
The order process was normal,Neutral
Received the item in the expected time window,Neutral
The design is simple and functional,Neutral
This is my first day using the product,Neutral
The item matches most of the listed specifications,Neutral
Packaging was basic but sufficient,Neutral
The product is fine for occasional use,Neutral
I have mixed feelings about the purchase,Neutral
Some features are useful while others are average,Neutral
The size is close to what I expected,Neutral
No major problem but no major advantage either,Neutral
Excellent product and very fast delivery Overall experience.,Positive
The quality is amazing and I am happy with my purchase Overall experience.,Positive
Fits perfectly and looks even better than the photos Overall experience.,Positive
Customer service solved my issue quickly Overall experience.,Positive
Packaging was secure and the item arrived early Overall experience.,Positive
Great value for money and works as expected Overall experience.,Positive
I love the design and the material feels premium Overall experience.,Positive
Very satisfied with the product and ordering experience Overall experience.,Positive
The item is comfortable durable and well made Overall experience.,Positive
Smooth checkout and helpful delivery updates Overall experience.,Positive
The colour is beautiful and exactly as described Overall experience.,Positive
Highly recommended because the performance is excellent Overall experience.,Positive
The replacement process was simple and quick Overall experience.,Positive
Everything arrived safely and in perfect condition Overall experience.,Positive
This exceeded my expectations in every way Overall experience.,Positive
Good price reliable quality and prompt service Overall experience.,Positive
The product works perfectly and setup was easy Overall experience.,Positive
I would happily purchase from this store again Overall experience.,Positive
Helpful support team and a very positive experience Overall experience.,Positive
The size guide was accurate and the fit is great Overall experience.,Positive
Terrible quality and the product broke immediately Overall experience.,Negative
Delivery was late and customer service did not help Overall experience.,Negative
The item looks nothing like the description Overall experience.,Negative
Waste of money because it stopped working Overall experience.,Negative
Packaging was damaged and parts were missing Overall experience.,Negative
Very disappointed with the poor material Overall experience.,Negative
The wrong product was delivered to me Overall experience.,Negative
Refund is delayed and support is not responding Overall experience.,Negative
The size is completely inaccurate and uncomfortable Overall experience.,Negative
Checkout failed repeatedly and charged me twice Overall experience.,Negative
The colour faded after one use Overall experience.,Negative
Product arrived broken and unusable Overall experience.,Negative
I regret buying this item Overall experience.,Negative
The quality is cheap and unacceptable Overall experience.,Negative
Delivery tracking was incorrect and confusing Overall experience.,Negative
The return process was difficult and slow Overall experience.,Negative
Battery performance is awful and unreliable Overall experience.,Negative
The item has defects and scratches Overall experience.,Negative
Customer support was rude and unhelpful Overall experience.,Negative
Not worth the price at all Overall experience.,Negative
The product arrived yesterday and I have not used it yet Overall experience.,Neutral
It is an average item with standard features Overall experience.,Neutral
The colour is slightly different but acceptable Overall experience.,Neutral
Delivery took four days as estimated Overall experience.,Neutral
The package contains the product and manual Overall experience.,Neutral
Quality is okay for the listed price Overall experience.,Neutral
I bought this as a gift so I cannot review performance Overall experience.,Neutral
The fit is neither loose nor tight Overall experience.,Neutral
It works but there is nothing special about it Overall experience.,Neutral
The order process was normal Overall experience.,Neutral
Received the item in the expected time window Overall experience.,Neutral
The design is simple and functional Overall experience.,Neutral
This is my first day using the product Overall experience.,Neutral
The item matches most of the listed specifications Overall experience.,Neutral
Packaging was basic but sufficient Overall experience.,Neutral
The product is fine for occasional use Overall experience.,Neutral
I have mixed feelings about the purchase Overall experience.,Neutral
Some features are useful while others are average Overall experience.,Neutral
The size is close to what I expected Overall experience.,Neutral
No major problem but no major advantage either Overall experience.,Neutral
Excellent product and very fast delivery Based on my order.,Positive
The quality is amazing and I am happy with my purchase Based on my order.,Positive
Fits perfectly and looks even better than the photos Based on my order.,Positive
Customer service solved my issue quickly Based on my order.,Positive
Packaging was secure and the item arrived early Based on my order.,Positive
Great value for money and works as expected Based on my order.,Positive
I love the design and the material feels premium Based on my order.,Positive
Very satisfied with the product and ordering experience Based on my order.,Positive
The item is comfortable durable and well made Based on my order.,Positive
Smooth checkout and helpful delivery updates Based on my order.,Positive
The colour is beautiful and exactly as described Based on my order.,Positive
Highly recommended because the performance is excellent Based on my order.,Positive
The replacement process was simple and quick Based on my order.,Positive
Everything arrived safely and in perfect condition Based on my order.,Positive
This exceeded my expectations in every way Based on my order.,Positive
Good price reliable quality and prompt service Based on my order.,Positive
The product works perfectly and setup was easy Based on my order.,Positive
I would happily purchase from this store again Based on my order.,Positive
Helpful support team and a very positive experience Based on my order.,Positive
The size guide was accurate and the fit is great Based on my order.,Positive
Terrible quality and the product broke immediately Based on my order.,Negative
Delivery was late and customer service did not help Based on my order.,Negative
The item looks nothing like the description Based on my order.,Negative
Waste of money because it stopped working Based on my order.,Negative
Packaging was damaged and parts were missing Based on my order.,Negative
Very disappointed with the poor material Based on my order.,Negative
The wrong product was delivered to me Based on my order.,Negative
Refund is delayed and support is not responding Based on my order.,Negative
The size is completely inaccurate and uncomfortable Based on my order.,Negative
Checkout failed repeatedly and charged me twice Based on my order.,Negative
The colour faded after one use Based on my order.,Negative
Product arrived broken and unusable Based on my order.,Negative
I regret buying this item Based on my order.,Negative
The quality is cheap and unacceptable Based on my order.,Negative
Delivery tracking was incorrect and confusing Based on my order.,Negative
The return process was difficult and slow Based on my order.,Negative
Battery performance is awful and unreliable Based on my order.,Negative
The item has defects and scratches Based on my order.,Negative
Customer support was rude and unhelpful Based on my order.,Negative
Not worth the price at all Based on my order.,Negative
The product arrived yesterday and I have not used it yet Based on my order.,Neutral
It is an average item with standard features Based on my order.,Neutral
The colour is slightly different but acceptable Based on my order.,Neutral
Delivery took four days as estimated Based on my order.,Neutral
The package contains the product and manual Based on my order.,Neutral
Quality is okay for the listed price Based on my order.,Neutral
I bought this as a gift so I cannot review performance Based on my order.,Neutral
The fit is neither loose nor tight Based on my order.,Neutral
It works but there is nothing special about it Based on my order.,Neutral
The order process was normal Based on my order.,Neutral
Received the item in the expected time window Based on my order.,Neutral
The design is simple and functional Based on my order.,Neutral
This is my first day using the product Based on my order.,Neutral
The item matches most of the listed specifications Based on my order.,Neutral
Packaging was basic but sufficient Based on my order.,Neutral
The product is fine for occasional use Based on my order.,Neutral
I have mixed feelings about the purchase Based on my order.,Neutral
Some features are useful while others are average Based on my order.,Neutral
The size is close to what I expected Based on my order.,Neutral
No major problem but no major advantage either Based on my order.,Neutral
